Percentiles,HTTP Request
0.1,1.0
0.2,1.0
0.3,1.0
0.4,2.0
0.5,2.0
0.6,2.0
0.7,2.0
0.8,2.0
0.9,2.0
1.0,2.0
1.1,2.0
1.2,2.0
1.3,2.0
1.4,2.0
1.5,2.0
1.6,2.0
1.7,2.0
1.8,2.0
1.9,2.0
2.0,2.0
2.1,2.0
2.2,2.0
2.3,2.0
2.4,2.0
2.5,2.0
2.6,2.0
2.7,2.0
2.8,2.0
2.9,2.0
3.0,2.0
3.1,2.0
3.2,2.0
3.3,2.0
3.4,2.0
3.5,2.0
3.6,2.0
3.7,2.0
3.8,2.0
3.9,2.0
4.0,2.0
4.1,2.0
4.2,2.0
4.3,2.0
4.4,2.0
4.5,2.0
4.6,2.0
4.7,2.0
4.8,2.0
4.9,2.0
5.0,2.0
5.1,2.0
5.2,2.0
5.3,2.0
5.4,2.0
5.5,2.0
5.6,2.0
5.7,2.0
5.8,2.0
5.9,2.0
6.0,2.0
6.1,2.0
6.2,2.0
6.3,2.0
6.4,2.0
6.5,2.0
6.6,2.0
6.7,2.0
6.8,2.0
6.9,2.0
7.0,2.0
7.1,2.0
7.2,2.0
7.3,2.0
7.4,2.0
7.5,2.0
7.6,2.0
7.7,2.0
7.8,2.0
7.9,2.0
8.0,2.0
8.1,2.0
8.2,2.0
8.3,2.0
8.4,2.0
8.5,2.0
8.6,2.0
8.7,2.0
8.8,2.0
8.9,2.0
9.0,2.0
9.1,2.0
9.2,2.0
9.3,2.0
9.4,2.0
9.5,2.0
9.6,2.0
9.7,2.0
9.8,2.0
9.9,2.0
10.0,2.0
10.1,2.0
10.2,2.0
10.3,2.0
10.4,2.0
10.5,2.0
10.6,2.0
10.7,2.0
10.8,2.0
10.9,2.0
11.0,2.0
11.1,2.0
11.2,2.0
11.3,2.0
11.4,2.0
11.5,2.0
11.6,2.0
11.7,2.0
11.8,2.0
11.9,2.0
12.0,2.0
12.1,2.0
12.2,2.0
12.3,2.0
12.4,2.0
12.5,2.0
12.6,2.0
12.7,2.0
12.8,2.0
12.9,2.0
13.0,2.0
13.1,2.0
13.2,2.0
13.3,2.0
13.4,2.0
13.5,2.0
13.6,2.0
13.7,2.0
13.8,2.0
13.9,2.0
14.0,2.0
14.1,2.0
14.2,2.0
14.3,2.0
14.4,2.0
14.5,2.0
14.6,2.0
14.7,2.0
14.8,2.0
14.9,2.0
15.0,2.0
15.1,2.0
15.2,2.0
15.3,2.0
15.4,2.0
15.5,2.0
15.6,3.0
15.7,3.0
15.8,3.0
15.9,3.0
16.0,3.0
16.1,3.0
16.2,3.0
16.3,3.0
16.4,3.0
16.5,3.0
16.6,3.0
16.7,3.0
16.8,3.0
16.9,3.0
17.0,3.0
17.1,3.0
17.2,3.0
17.3,3.0
17.4,3.0
17.5,3.0
17.6,3.0
17.7,3.0
17.8,3.0
17.9,3.0
18.0,3.0
18.1,3.0
18.2,3.0
18.3,3.0
18.4,3.0
18.5,3.0
18.6,3.0
18.7,3.0
18.8,3.0
18.9,3.0
19.0,3.0
19.1,3.0
19.2,3.0
19.3,3.0
19.4,3.0
19.5,3.0
19.6,3.0
19.7,3.0
19.8,3.0
19.9,3.0
20.0,3.0
20.1,3.0
20.2,3.0
20.3,3.0
20.4,3.0
20.5,3.0
20.6,3.0
20.7,3.0
20.8,3.0
20.9,3.0
21.0,3.0
21.1,3.0
21.2,3.0
21.3,3.0
21.4,3.0
21.5,3.0
21.6,3.0
21.7,3.0
21.8,3.0
21.9,3.0
22.0,3.0
22.1,3.0
22.2,3.0
22.3,3.0
22.4,3.0
22.5,3.0
22.6,3.0
22.7,3.0
22.8,3.0
22.9,3.0
23.0,3.0
23.1,3.0
23.2,3.0
23.3,3.0
23.4,3.0
23.5,3.0
23.6,3.0
23.7,3.0
23.8,3.0
23.9,3.0
24.0,3.0
24.1,3.0
24.2,3.0
24.3,3.0
24.4,3.0
24.5,3.0
24.6,3.0
24.7,3.0
24.8,3.0
24.9,3.0
25.0,3.0
25.1,3.0
25.2,3.0
25.3,3.0
25.4,3.0
25.5,3.0
25.6,3.0
25.7,3.0
25.8,3.0
25.9,3.0
26.0,3.0
26.1,3.0
26.2,3.0
26.3,3.0
26.4,3.0
26.5,3.0
26.6,3.0
26.7,3.0
26.8,3.0
26.9,3.0
27.0,3.0
27.1,3.0
27.2,3.0
27.3,3.0
27.4,3.0
27.5,3.0
27.6,3.0
27.7,3.0
27.8,3.0
27.9,3.0
28.0,3.0
28.1,3.0
28.2,3.0
28.3,3.0
28.4,3.0
28.5,3.0
28.6,3.0
28.7,3.0
28.8,3.0
28.9,3.0
29.0,3.0
29.1,3.0
29.2,3.0
29.3,3.0
29.4,3.0
29.5,3.0
29.6,3.0
29.7,3.0
29.8,3.0
29.9,3.0
30.0,3.0
30.1,3.0
30.2,3.0
30.3,3.0
30.4,3.0
30.5,4.0
30.6,4.0
30.7,4.0
30.8,4.0
30.9,4.0
31.0,4.0
31.1,4.0
31.2,4.0
31.3,4.0
31.4,4.0
31.5,4.0
31.6,4.0
31.7,4.0
31.8,4.0
31.9,4.0
32.0,4.0
32.1,4.0
32.2,4.0
32.3,4.0
32.4,4.0
32.5,4.0
32.6,4.0
32.7,4.0
32.8,4.0
32.9,4.0
33.0,4.0
33.1,4.0
33.2,4.0
33.3,4.0
33.4,4.0
33.5,4.0
33.6,4.0
33.7,4.0
33.8,4.0
33.9,4.0
34.0,4.0
34.1,4.0
34.2,4.0
34.3,4.0
34.4,4.0
34.5,4.0
34.6,4.0
34.7,4.0
34.8,4.0
34.9,4.0
35.0,4.0
35.1,4.0
35.2,4.0
35.3,4.0
35.4,4.0
35.5,4.0
35.6,4.0
35.7,4.0
35.8,4.0
35.9,4.0
36.0,4.0
36.1,4.0
36.2,4.0
36.3,4.0
36.4,4.0
36.5,4.0
36.6,4.0
36.7,4.0
36.8,4.0
36.9,4.0
37.0,4.0
37.1,4.0
37.2,4.0
37.3,4.0
37.4,4.0
37.5,4.0
37.6,4.0
37.7,4.0
37.8,4.0
37.9,4.0
38.0,4.0
38.1,4.0
38.2,4.0
38.3,4.0
38.4,4.0
38.5,4.0
38.6,4.0
38.7,4.0
38.8,4.0
38.9,4.0
39.0,4.0
39.1,4.0
39.2,4.0
39.3,4.0
39.4,4.0
39.5,4.0
39.6,4.0
39.7,4.0
39.8,4.0
39.9,4.0
40.0,4.0
40.1,4.0
40.2,4.0
40.3,5.0
40.4,5.0
40.5,5.0
40.6,5.0
40.7,5.0
40.8,5.0
40.9,5.0
41.0,5.0
41.1,5.0
41.2,5.0
41.3,5.0
41.4,5.0
41.5,5.0
41.6,5.0
41.7,5.0
41.8,5.0
41.9,5.0
42.0,5.0
42.1,5.0
42.2,5.0
42.3,5.0
42.4,5.0
42.5,5.0
42.6,5.0
42.7,5.0
42.8,5.0
42.9,5.0
43.0,5.0
43.1,5.0
43.2,5.0
43.3,5.0
43.4,5.0
43.5,5.0
43.6,5.0
43.7,5.0
43.8,5.0
43.9,5.0
44.0,5.0
44.1,5.0
44.2,5.0
44.3,5.0
44.4,5.0
44.5,5.0
44.6,5.0
44.7,5.0
44.8,5.0
44.9,5.0
45.0,5.0
45.1,5.0
45.2,6.0
45.3,6.0
45.4,6.0
45.5,6.0
45.6,6.0
45.7,6.0
45.8,6.0
45.9,6.0
46.0,6.0
46.1,6.0
46.2,6.0
46.3,6.0
46.4,6.0
46.5,6.0
46.6,6.0
46.7,6.0
46.8,6.0
46.9,6.0
47.0,6.0
47.1,6.0
47.2,6.0
47.3,6.0
47.4,6.0
47.5,6.0
47.6,6.0
47.7,6.0
47.8,6.0
47.9,6.0
48.0,6.0
48.1,6.0
48.2,6.0
48.3,6.0
48.4,7.0
48.5,7.0
48.6,7.0
48.7,7.0
48.8,7.0
48.9,7.0
49.0,7.0
49.1,7.0
49.2,7.0
49.3,7.0
49.4,7.0
49.5,7.0
49.6,7.0
49.7,7.0
49.8,7.0
49.9,7.0
50.0,7.0
50.1,7.0
50.2,7.0
50.3,7.0
50.4,7.0
50.5,7.0
50.6,7.0
50.7,7.0
50.8,8.0
50.9,8.0
51.0,8.0
51.1,8.0
51.2,8.0
51.3,8.0
51.4,8.0
51.5,8.0
51.6,8.0
51.7,8.0
51.8,8.0
51.9,8.0
52.0,8.0
52.1,8.0
52.2,8.0
52.3,8.0
52.4,8.0
52.5,8.0
52.6,8.0
52.7,8.0
52.8,8.0
52.9,8.0
53.0,8.0
53.1,8.0
53.2,8.0
53.3,8.0
53.4,9.0
53.5,9.0
53.6,9.0
53.7,9.0
53.8,9.0
53.9,9.0
54.0,9.0
54.1,9.0
54.2,9.0
54.3,9.0
54.4,9.0
54.5,9.0
54.6,9.0
54.7,9.0
54.8,9.0
54.9,9.0
55.0,9.0
55.1,9.0
55.2,9.0
55.3,9.0
55.4,9.0
55.5,9.0
55.6,9.0
55.7,9.0
55.8,10.0
55.9,10.0
56.0,10.0
56.1,10.0
56.2,10.0
56.3,10.0
56.4,10.0
56.5,10.0
56.6,10.0
56.7,10.0
56.8,10.0
56.9,10.0
57.0,10.0
57.1,10.0
57.2,10.0
57.3,10.0
57.4,10.0
57.5,10.0
57.6,10.0
57.7,10.0
57.8,10.0
57.9,10.0
58.0,10.0
58.1,10.0
58.2,10.0
58.3,10.0
58.4,10.0
58.5,10.0
58.6,10.0
58.7,10.0
58.8,11.0
58.9,11.0
59.0,11.0
59.1,11.0
59.2,11.0
59.3,11.0
59.4,11.0
59.5,11.0
59.6,11.0
59.7,11.0
59.8,11.0
59.9,11.0
60.0,11.0
60.1,11.0
60.2,11.0
60.3,11.0
60.4,11.0
60.5,11.0
60.6,11.0
60.7,11.0
60.8,11.0
60.9,11.0
61.0,11.0
61.1,11.0
61.2,11.0
61.3,11.0
61.4,11.0
61.5,11.0
61.6,11.0
61.7,11.0
61.8,11.0
61.9,11.0
62.0,12.0
62.1,12.0
62.2,12.0
62.3,12.0
62.4,12.0
62.5,12.0
62.6,12.0
62.7,12.0
62.8,12.0
62.9,12.0
63.0,12.0
63.1,12.0
63.2,12.0
63.3,12.0
63.4,12.0
63.5,12.0
63.6,12.0
63.7,12.0
63.8,12.0
63.9,12.0
64.0,12.0
64.1,12.0
64.2,12.0
64.3,12.0
64.4,12.0
64.5,12.0
64.6,12.0
64.7,12.0
64.8,12.0
64.9,12.0
65.0,13.0
65.1,13.0
65.2,13.0
65.3,13.0
65.4,13.0
65.5,13.0
65.6,13.0
65.7,13.0
65.8,13.0
65.9,13.0
66.0,13.0
66.1,13.0
66.2,13.0
66.3,13.0
66.4,13.0
66.5,13.0
66.6,13.0
66.7,13.0
66.8,13.0
66.9,13.0
67.0,13.0
67.1,14.0
67.2,14.0
67.3,14.0
67.4,14.0
67.5,14.0
67.6,14.0
67.7,14.0
67.8,14.0
67.9,14.0
68.0,14.0
68.1,14.0
68.2,14.0
68.3,14.0
68.4,14.0
68.5,14.0
68.6,14.0
68.7,14.0
68.8,15.0
68.9,15.0
69.0,15.0
69.1,15.0
69.2,15.0
69.3,15.0
69.4,15.0
69.5,15.0
69.6,15.0
69.7,15.0
69.8,15.0
69.9,15.0
70.0,15.0
70.1,15.0
70.2,15.0
70.3,15.0
70.4,16.0
70.5,16.0
70.6,16.0
70.7,16.0
70.8,16.0
70.9,16.0
71.0,16.0
71.1,16.0
71.2,16.0
71.3,16.0
71.4,16.0
71.5,16.0
71.6,16.0
71.7,16.0
71.8,16.0
71.9,17.0
72.0,17.0
72.1,17.0
72.2,17.0
72.3,17.0
72.4,17.0
72.5,17.0
72.6,17.0
72.7,17.0
72.8,17.0
72.9,17.0
73.0,17.0
73.1,17.0
73.2,17.0
73.3,17.0
73.4,18.0
73.5,18.0
73.6,18.0
73.7,18.0
73.8,18.0
73.9,18.0
74.0,18.0
74.1,18.0
74.2,18.0
74.3,18.0
74.4,18.0
74.5,18.0
74.6,18.0
74.7,18.0
74.8,18.0
74.9,19.0
75.0,19.0
75.1,19.0
75.2,19.0
75.3,19.0
75.4,19.0
75.5,19.0
75.6,19.0
75.7,19.0
75.8,19.0
75.9,20.0
76.0,20.0
76.1,20.0
76.2,20.0
76.3,20.0
76.4,20.0
76.5,20.0
76.6,20.0
76.7,20.0
76.8,20.0
76.9,20.0
77.0,20.0
77.1,20.0
77.2,20.0
77.3,20.0
77.4,20.0
77.5,20.0
77.6,20.0
77.7,20.0
77.8,21.0
77.9,21.0
78.0,21.0
78.1,21.0
78.2,21.0
78.3,21.0
78.4,21.0
78.5,21.0
78.6,21.0
78.7,21.0
78.8,21.0
78.9,21.0
79.0,21.0
79.1,21.0
79.2,21.0
79.3,21.0
79.4,21.0
79.5,22.0
79.6,22.0
79.7,22.0
79.8,22.0
79.9,22.0
80.0,22.0
80.1,22.0
80.2,22.0
80.3,22.0
80.4,22.0
80.5,23.0
80.6,23.0
80.7,23.0
80.8,23.0
80.9,23.0
81.0,23.0
81.1,23.0
81.2,23.0
81.3,23.0
81.4,23.0
81.5,23.0
81.6,23.0
81.7,24.0
81.8,24.0
81.9,24.0
82.0,24.0
82.1,24.0
82.2,24.0
82.3,24.0
82.4,24.0
82.5,24.0
82.6,24.0
82.7,25.0
82.8,25.0
82.9,25.0
83.0,25.0
83.1,25.0
83.2,25.0
83.3,25.0
83.4,25.0
83.5,25.0
83.6,26.0
83.7,26.0
83.8,26.0
83.9,26.0
84.0,26.0
84.1,26.0
84.2,27.0
84.3,27.0
84.4,27.0
84.5,27.0
84.6,27.0
84.7,27.0
84.8,27.0
84.9,27.0
85.0,27.0
85.1,27.0
85.2,28.0
85.3,28.0
85.4,28.0
85.5,28.0
85.6,28.0
85.7,28.0
85.8,28.0
85.9,28.0
86.0,28.0
86.1,28.0
86.2,29.0
86.3,29.0
86.4,29.0
86.5,29.0
86.6,29.0
86.7,29.0
86.8,29.0
86.9,30.0
87.0,30.0
87.1,30.0
87.2,30.0
87.3,30.0
87.4,30.0
87.5,30.0
87.6,30.0
87.7,30.0
87.8,31.0
87.9,31.0
88.0,31.0
88.1,31.0
88.2,31.0
88.3,31.0
88.4,32.0
88.5,32.0
88.6,32.0
88.7,32.0
88.8,32.0
88.9,32.0
89.0,32.0
89.1,32.0
89.2,33.0
89.3,33.0
89.4,33.0
89.5,33.0
89.6,33.0
89.7,33.0
89.8,33.0
89.9,33.0
90.0,33.0
90.1,33.0
90.2,34.0
90.3,34.0
90.4,34.0
90.5,34.0
90.6,34.0
90.7,34.0
90.8,34.0
90.9,34.0
91.0,34.0
91.1,35.0
91.2,35.0
91.3,35.0
91.4,35.0
91.5,35.0
91.6,35.0
91.7,35.0
91.8,36.0
91.9,36.0
92.0,36.0
92.1,36.0
92.2,37.0
92.3,37.0
92.4,37.0
92.5,37.0
92.6,38.0
92.7,38.0
92.8,38.0
92.9,38.0
93.0,39.0
93.1,39.0
93.2,39.0
93.3,39.0
93.4,40.0
93.5,40.0
93.6,40.0
93.7,41.0
93.8,41.0
93.9,41.0
94.0,41.0
94.1,41.0
94.2,42.0
94.3,42.0
94.4,42.0
94.5,42.0
94.6,43.0
94.7,43.0
94.8,43.0
94.9,43.0
95.0,43.0
95.1,44.0
95.2,44.0
95.3,44.0
95.4,44.0
95.5,44.0
95.6,44.0
95.7,45.0
95.8,45.0
95.9,45.0
96.0,46.0
96.1,46.0
96.2,47.0
96.3,47.0
96.4,47.0
96.5,48.0
96.6,48.0
96.7,49.0
96.8,49.0
96.9,49.0
97.0,49.0
97.1,50.0
97.2,51.0
97.3,51.0
97.4,51.0
97.5,52.0
97.6,52.0
97.7,53.0
97.8,54.0
97.9,54.0
98.0,55.0
98.1,57.0
98.2,58.0
98.3,60.0
98.4,61.0
98.5,62.0
98.6,64.0
98.7,65.0
98.8,67.0
98.9,67.0
99.0,68.0
99.1,70.0
99.2,72.0
99.3,77.0
99.4,80.0
99.5,89.0
99.6,184.0
99.7,203.0
99.8,220.0
99.9,229.0
